dataset_num;avg_time
0;0.0018921
1;0.0007366
